"","V1","V2","V3","V4","V5","V6","V7","V8","V9","V10","V11","V12","V13","V14","V15"
"1132538",0,0,1,0.9,0.81,0.729,0.6561,0.59049,32.8896674804985,24.4410711069738,21.9969639962764,19.7972675966488,17.8175408369839,16.0357867532855,14.4322080779569
"2605721",0,0,0,0,0,0,0,1,20.3223222041542,18.2900899837388,20.2664387491756,18.239794874258,16.4158153868322,18.4410929859541,20.3402092636284
"4714659",0,0,1,0.9,0.81,0.729,0.6561,0.59049,2.52011251116125,2.26810126004513,2.04129113404062,1.83716202063655,4.04304664720379,3.63874198248341,3.27486778423507
"4604847",0,0,0,0,0,0,0,0,6.29583686600433,12.2580171832414,11.0322154649173,9.92899391842553,8.93609452658298,8.04248507392468,7.23823656653221
"164643",0,0,0,0,0,0,0,0,0,0,0,0,0,0,0
"2862368",0,0,1,0.9,0.81,0.729,0.6561,0.59049,8.32303869555798,10.790087842869,9.71107905858212,8.73997115272391,7.86597403745152,7.07937663370636,6.37143897033573
"2252243",0,0,1,0.9,3.05460562531838,2.74914506278654,2.47423055650789,7.84374623865429,13.8043495630836,16.0294281441025,14.4264853296923,12.9838367967231,11.6854531170507,10.5169078053457,9.46521702481111
"5176175",0,0,0,0,0,0,0,9.54517744447956,11.9991568524454,10.7992411672009,9.71931705048078,8.7473853454327,7.87264681088943,7.08538212980049,6.37684391682044
"5280982",3.38629436111989,3.0476649250079,2.74289843250711,2.4686085892564,2.22174773033076,1.99957295729769,1.79961566156792,13.5962170479664,12.2365953431698,11.0129358088528,9.91164222796754,8.92047800517079,8.02843020465371,7.22558718418834,6.5030284657695
"21691",0,0,0,0,0,0,0,0,0,0,0,0,0,0,0
"5288424",0,0,0,0,0,0,0,6.29583686600433,32.0240944817167,28.821685033545,25.9395165301905,23.3455648771715,21.0110083894543,18.9099075505089,17.018916795458
"4891076",0,0,0,0,0,0,0,0,0,0,0,0,0,0,0
"5160978",0,0,0,0,0,0,0,1,3.21434684781959,2.89291216303763,2.60362094673387,2.34325885206048,2.10893296685444,1.89803967016899,1.70823570315209
"2561479",0,0,1,0.9,0.81,0.729,0.6561,2.6396160454264,2.37565444088376,11.055023311998,9.94952098079821,8.95456888271839,8.05911199444655,21.417345317537,19.2756107857833
"2241200",0,0,0,6.29583686600433,8.82530482498179,7.94277434248361,7.14849690823525,6.43364721741173,12.2248571136269,11.0023714022642,9.90213426203776,8.91192083583398,8.02072875225058,7.21865587702553,6.49679028932297
"3171036",0,0,0,1,0.9,0.81,0.729,0.6561,2.6396160454264,5.02251948474566,4.52026753627109,4.06824078264398,3.66141670437959,3.29527503394163,2.96574753054747
"2511037",0,0,0,0,0,0,0,0,0,0,0,0,0,0,0
"4205933",0,0,0,0,0,0,0,1,0.9,0.81,0.729,0.6561,2.6396160454264,2.37565444088376,2.13808899679538
"4736139",0,1,6.08248560137009,14.3307156523193,12.8976440870874,11.6078796783786,10.4470917105408,9.4023825394867,8.46214428553803,7.61592985698423,10.0080954258092,9.00728588322831,8.10655729490548,7.29590156541493,6.56631140887344
"5146215",0,0,0,0,0,0,0,0,1,0.9,0.81,0.729,0.6561,0.59049,0.531441
"5216541",0,0,0,3.38629436111989,3.0476649250079,2.74289843250711,2.4686085892564,7.83194879843485,21.3581379329082,27.1870570759908,24.4683513683917,22.0215162315526,19.8193646083973,17.8374281475576,16.0536853328018
"2060804",0,0,0,0,0,0,0,0,6.29583686600433,5.6662531794039,5.09962786146351,4.58966507531716,4.13069856778544,3.7176287110069,3.34586583990621
"1157098",0,1,0.9,0.81,0.729,0.6561,0.59049,0.531441,2.4089046394711,2.16801417552399,1.95121275797159,1.75609148217444,0.96991059609,0.872919536481,0.7856275828329
"1203604",0,0,0,0,0,0,0,0,9.54517744447956,8.59065970003161,7.73159373002845,6.9584343570256,6.26259092132304,5.63633182919074,5.07269864627167
"2246855",0,0,0,0,0,0,0,1,0.9,9.07705124598378,8.1693461213854,7.35241150924686,6.61717035832218,5.95545332248996,5.35990799024096
"4361602",0,0,1,0.9,0.81,0.729,0.6561,0.59049,0.531441,0.4782969,0.43046721,0.387420489,0.3486784401,0.31381059609,0.282429536481
"5084958",0,0,0,0,0,0,0,0,0,0,0,0,9.54517744447956,8.59065970003161,7.73159373002845
"3763858",0,0,0,0,0,1,0.9,3.05460562531838,12.0474537622611,10.842708386035,13.2029195176405,11.8826275658764,10.6943648092888,9.62492832835992,11.9446379333607
"4848221",0,0,0,0,0,0,0,0,0,0,1,0.9,0.81,0.729,0.6561
"3885100",0,0,0,0,0,0,0,1,3.21434684781959,2.89291216303763,2.60362094673387,2.34325885206048,2.10893296685444,1.89803967016899,4.10125627030247
"947353",0,0,0,1,0.9,0.81,0.729,0.6561,0.59049,0.531441,0.4782969,0.43046721,0.387420489,0.3486784401,0.31381059609
"211773",0,0,0,0,0,0,3.38629436111989,3.0476649250079,5.48488478329663,4.93639630496697,4.44275667447027,3.99848100702325,3.59863290632092,3.23876961568883,2.91489265411995
"5184489",0,0,0,0,0,0,0,0,0,0,0,0,0,0,0
"5328514",0,0,0,0,0,0,0,24.6355323334387,22.1719791000948,19.9547811900853,17.9593030710768,16.1633727639691,14.5470354875722,13.092331938815,11.7830987449335
"4626314",0,0,0,0,0,0,0,9.54517744447956,15.6267908037184,14.0641117233465,12.6577005510119,11.3919304959107,10.2527374463196,9.22746370168765,8.30471733151889
"2071504",0,0,0,0,0,0,0,0,0,1,0.9,0.81,0.729,0.6561,0.59049
"3308588",0,0,0,0,0,0,0,1,73.2306379433122,65.907574148981,64.077229365115,57.6695064286035,56.5204806788798,50.8684326109918,45.7815893498926
"669868",0,0,0,0,0,1,0.9,0.81,0.729,0.6561,0.59049,0.531441,0.4782969,0.43046721,0.387420489
"5027467",0,0,0,0,0,0,0,1,0.9,0.81,0.729,0.6561,0.59049,0.531441,0.4782969
"4583125",0,0,0,0,0,0,0,0,1,0.9,0.81,0.729,0.6561,0.59049,0.531441
"5309582",0,0,0,0,1,0.9,0.81,2.90612565212996,5.32628812702733,4.7936593143246,12.652706366527,9.46925361733802,8.52232825560422,7.67009543004379,6.90308588703942
"5292970",0,0,0,0,0,0,0,0,1,0.9,0.81,0.729,0.6561,0.59049,0.531441
"4185116",0,0,0,0,0,0,0,0,0,0,1,0.9,0.81,0.729,0.6561
"5271421",0,0,0,0,0,0,0,0,0,0,0,0,0,0,0
"5250978",3.38629436111989,5.87258329629133,5.2853249666622,4.75679246999598,4.28111322299638,3.85300190069674,3.46770171062707,3.12093153956436,5.40558565863733,4.86502709277359,4.37852438349623,3.94067194514661,3.54660475063195,3.19194427556876,2.87274984801188
"5116429",0,0,0,0,0,0,0,0,1,0.9,0.81,0.729,0.6561,0.59049,0.531441
"5048765",0,0,0,0,0,0,0,0,1,0.9,3.05460562531838,2.74914506278654,2.47423055650789,2.2268075008571,2.00412675077139
"4745892",0,1,0.9,5.88393243356697,5.29553919021027,4.76598527118924,4.28938674407032,3.86044806966329,6.2350925223637,5.61158327012733,5.0504249431146,4.54538244880314,4.09084420392283,3.68175978353054,3.31358380517749
"3175960",0,0,3.38629436111989,3.0476649250079,8.61840404426376,7.75656363983738,6.98090727585365,6.28281654826828,15.6396852883577,17.7490215812191,15.9741194230972,14.3767074807874,12.9390367327087,15.1084767648937,13.5976290884044
"2583270",0,0,3.38629436111989,3.0476649250079,5.48488478329663,4.93639630496697,4.44275667447027,3.99848100702325,12.9893448134429,11.6904103320987,10.5213692988888,9.46923236899991,8.52230913209992,7.67007821888993,6.90307039700093
"2313553",0,0,0,0,0,0,0,0,0,0,0,0,0,0,0
"1199907",0,0,0,3.38629436111989,3.0476649250079,2.74289843250711,8.20915425463621,7.38823882917259,6.64941494625533,9.08541842561926,8.17687658305733,7.3591889247516,6.62327003227644,5.9609430290488,5.36484872614392
"100180",0,0,0,0,0,0,0,0,1,0.9,0.81,0.729,0.6561,0.59049,0.531441
"3247147",0,0,0,1,0.9,0.81,0.729,0.6561,0.59049,0.531441,0.4782969,0.43046721,0.387420489,0.3486784401,0.31381059609
"2965579",0,0,0,0,0,0,0,0,3.38629436111989,3.0476649250079,2.74289843250711,2.4686085892564,2.22174773033076,1.99957295729769,1.79961566156792
"5341643",0,0,0,0,1,0.9,0.81,0.729,2.7680533534921,2.49124801814289,2.2421232163286,2.01791089469574,1.81611980522617,0.977910489,0.8801194401
"1415661",0,0,0,0,0,0,0,1,0.9,0.81,0.729,0.6561,0.59049,0.531441,0.4782969
"915432",0,0,0,0,0,0,0,0,6.29583686600433,5.6662531794039,5.09962786146351,4.58966507531716,4.13069856778544,3.7176287110069,3.34586583990621
"2476503",0,0,0,0,6.29583686600433,5.6662531794039,5.09962786146351,4.58966507531716,4.13069856778544,3.7176287110069,3.34586583990621,3.01127925591559,2.71015133032403,2.43913619729163,2.19522257756246
"2687875",0,0,0,0,0,0,0,0,0,0,0,0,1,0.9,0.81
"881025",0,0,0,0,0,0,0,0,0,1,0.9,0.81,0.729,0.6561,0.59049
"4440830",0,0,0,0,0,3.38629436111989,3.0476649250079,2.74289843250711,2.4686085892564,2.22174773033076,4.50379549895557,4.05341594906001,3.64807435415401,3.28326691873861,2.95494022686475
"5261718",0,6.29583686600433,5.6662531794039,5.09962786146351,4.58966507531716,4.13069856778544,3.7176287110069,3.34586583990621,3.01127925591559,2.71015133032403,2.43913619729163,2.19522257756246,0.941431788270001,0.847288609443001,0.762559748498701
"2834606",0,0,0,0,0,0,0,0,0,1,0.9,0.81,0.729,0.6561,0.59049
"3923321",0,0,0,0,0,0,0,0,1,0.9,0.81,0.729,0.6561,0.59049,0.531441
"5317684",0,0,0,0,0,0,0,0,0,0,0,0,0,0,0
"5186623",0,0,1,0.9,0.81,0.729,0.6561,0.59049,0.531441,0.4782969,0.43046721,0.387420489,0.3486784401,0.31381059609,0.282429536481
"1094258",0,0,0,0,0,0,0,0,0,0,0,0,0,0,0
"5326237",0,0,1,0.9,0.81,0.729,0.6561,0.59049,11.714586952205,10.5431282569845,9.48881543128608,8.53993388815747,7.68594049934172,6.91734644940755,6.2256118044668
"4683488",0,0,3.38629436111989,3.0476649250079,2.74289843250711,2.4686085892564,2.22174773033076,1.99957295729769,1.79961566156792,0.9565938,0.86093442,0.774840978,0.6973568802,0.62762119218,0.564859072962
"2392693",0,0,0,3.38629436111989,3.0476649250079,2.74289843250711,2.4686085892564,2.22174773033076,1.99957295729769,1.79961566156792,3.97538005785248,3.57784205206724,3.22005784686051,2.89805206217446,2.60824685595702
"4150558",0,0,0,0,0,0,0,0,0,3.38629436111989,3.0476649250079,2.74289843250711,2.4686085892564,2.22174773033076,1.99957295729769
"5173013",0,0,0,0,0,0,0,0,0,3.38629436111989,3.0476649250079,2.74289843250711,2.4686085892564,2.22174773033076,1.99957295729769
"5311690",0,0,0,0,0,0,0,0,1,0.9,0.81,0.729,0.6561,0.59049,0.531441
"5292017",0,0,0,0,0,0,0,1,0.9,0.81,0.729,0.6561,0.59049,0.531441,0.4782969
"3822119",0,0,0,0,4.90954250488444,3.0476649250079,2.74289843250711,2.4686085892564,7.83194879843485,7.04875391859137,6.34387852673223,5.70949067405901,5.13854160665311,4.62468744598779,4.16221870138902
"5180552",3.38629436111989,3.0476649250079,15.6633520218808,29.8587914620795,35.2969070636753,31.7672163573078,28.590494721577,25.7314452494193,27.1261168322008,32.5405327916959,29.2864795125263,30.3989678523216,27.3590710670894,24.6231639603805,26.0287710242184
"2068024",6.29583686600433,5.6662531794039,5.09962786146351,4.58966507531716,4.13069856778544,3.7176287110069,3.34586583990621,3.01127925591559,2.71015133032403,2.43913619729163,4.61290825543303,4.15161742988973,3.73645568690076,3.36281011821068,3.02652910638961
"1083054",6.29583686600433,5.6662531794039,15.129281603423,13.6163534430807,12.2547180987726,14.5219478658663,13.0697530792797,11.7627777713517,10.5864999942165,9.52784999479489,8.5750649953154,7.71755849578386,6.94580264620548,6.25122238158493,5.62610014342644
"4172182",0,0,0,0,0,0,0,0,0,0,0,0,0,0,0
"4457090",0,0,0,0,0,0,0,0,0,1,0.9,0.81,0.729,0.6561,0.59049
"1884014",1,3.21434684781959,5.67723930001398,15.146396351179,13.6317567160611,19.6319216302406,17.6687294672165,19.6390173989944,21.4772874412736,19.3295586971462,17.3966028274316,15.6569425446884,14.0912482902196,12.6821234611976,11.4139111150779
"2053877",0,0,13.0471895621705,15.3502368277716,13.8152131449944,12.433691830495,11.1903226474455,10.0712903827009,12.3823197429038,11.1440877686134,10.0296789917521,9.02671109257686,8.12403998331918,7.31163598498726,6.58047238648853
"2061020",1,0.9,0.81,0.729,0.6561,0.59049,0.531441,0.4782969,4.95175902970767,4.45658312673691,4.01092481406322,3.6098323326569,3.24884909939121,2.92396418945209,2.63156777050688
"5298406",0,1,0.9,3.05460562531838,8.63187333018577,7.76868599716719,6.99181739745047,6.29263565770543,5.66337209193488,5.0970348827414,4.58733139446726,4.12859825502053,3.71573842951848,3.34416458656663,3.00974812790997
"5330902",0,0,0,0,0,0,0,0,1,0.9,0.81,0.729,0.6561,0.59049,0.531441
"4326054",0,0,0,0,0,0,0,0,0,0,1,0.9,0.81,0.729,0.6561
"1007277",0,0,0,0,1,0.9,0.81,0.729,0.6561,2.6396160454264,2.37565444088376,2.13808899679538,4.41521536411777,3.97369382770599,3.5763244449354
"3724862",0,0,0,0,0,0,0,0,0,0,0,1,0.9,0.81,0.729
"5201232",0,0,0,0,0,0,0,0,3.38629436111989,3.0476649250079,2.74289843250711,2.4686085892564,2.22174773033076,1.99957295729769,1.79961566156792
"3813319",0,0,0,0,0,0,0,0,3.38629436111989,3.0476649250079,2.74289843250711,2.4686085892564,2.22174773033076,1.99957295729769,1.79961566156792
"5004318",0,0,0,0,0,0,0,0,6.29583686600433,5.6662531794039,8.16973380193706,7.35276042174335,9.80090505516601,8.82081454964941,7.93873309468447
"1707435",0,0,0,1,0.9,0.81,0.729,0.6561,5.36731191125412,4.83058072012871,4.34752264811584,3.91277038330426,3.52149334497383,3.16934401047645,2.8524096094288
"1424741",0,0,0,0,0,0,0,0,1,0.9,0.81,0.729,0.6561,0.59049,0.531441
"5055422",0,0,0,1,3.21434684781959,2.89291216303763,2.60362094673387,2.34325885206048,4.65259009152441,4.18733108237197,3.76859797413477,3.3917381767213,3.05256435904917,2.74730792314425,2.47257713082983
"2962941",0,0,0,0,0,0,0,0,1,0.9,0.81,0.729,0.6561,0.59049,0.531441
"1115136",0,0,0,0,0,0,0,0,1,0.9,0.81,0.729,0.6561,0.59049,0.531441
"4128928",0,0,0,0,0,0,0,0,1,0.9,0.81,0.729,0.6561,0.59049,0.531441
"4828131",0,0,0,0,0,0,0,0,0,0,0,0,0,0,0
"5309242",0,0,0,0,0,1,0.9,0.81,0.729,0.6561,0.59049,0.531441,0.4782969,0.43046721,0.387420489
"5258417",0,0,0,1,0.9,0.81,0.729,0.6561,5.36731191125412,4.83058072012871,4.34752264811584,3.91277038330426,3.52149334497383,3.16934401047645,2.8524096094288
"4809946",0,0,1,6.08248560137009,5.47423704123308,4.92681333710977,4.43413200339879,3.99071880305891,20.45070070658,22.282772517802,23.9759604414051,21.5783643972646,19.4205279575381,17.4784751617843,19.3994639178762
"5301823",0,1,3.21434684781959,2.89291216303763,2.60362094673387,4.96525841859653,4.46873257673688,4.02185931906319,3.61967338715687,3.25770604844119,2.93193544359707,2.63874189923736,4.85411480273067,4.3687033224576,3.93183299021184
"3512758",0,0,0,0,0,0,0,0,0,0,0,0,0,0,0
"5169381",0,0,0,0,0,0,0,3.38629436111989,3.0476649250079,2.74289843250711,2.4686085892564,2.22174773033076,1.99957295729769,1.79961566156792,0.9565938
"5368765",0,0,0,0,0,0,0,0,9.54517744447956,8.59065970003161,7.73159373002845,6.9584343570256,6.26259092132304,5.63633182919074,5.07269864627167
"5313648",0,0,0,0,0,0,0,0,9.54517744447956,8.59065970003161,7.73159373002845,6.9584343570256,6.26259092132304,5.63633182919074,5.07269864627167
"1231242",0,0,0,0,0,0,0,0,3.38629436111989,3.0476649250079,2.74289843250711,2.4686085892564,2.22174773033076,1.99957295729769,1.79961566156792
"2070845",0,1,0.9,0.81,0.729,0.6561,0.59049,0.531441,0.4782969,0.43046721,2.20909554133003,1.98818598719703,1.78936738847733,1.61043064962959,0.9102865828329
"514628",0,0,13.0471895621705,15.3502368277716,13.8152131449944,12.433691830495,14.6944523758339,13.2250071382505,19.131141509698,17.2180273587282,15.4962246228554,13.9466021605698,16.0482371896149,14.4434134706534,16.5076026390525
"5298248",0,0,0,0,0,0,0,0,3.38629436111989,3.0476649250079,5.48488478329663,4.93639630496697,4.44275667447027,3.99848100702325,3.59863290632092
"5103325",0,0,0,0,0,0,0,0,0,0,0,0,0,0,0
"5136057",0,0,0,0,0,0,0,0,3.38629436111989,3.0476649250079,2.74289843250711,2.4686085892564,2.22174773033076,1.99957295729769,1.79961566156792
"3651536",0,0,0,0,0,0,0,0,1,0.9,3.05460562531838,2.74914506278654,2.47423055650789,2.2268075008571,2.00412675077139
"2138665",0,0,0,1,0.9,5.88393243356697,5.29553919021027,7.78157236365253,7.00341512728728,6.30307361455855,8.72838607227557,7.85554746504801,7.06999271854321,6.36299344668889,5.72669410202
"5102408",0,0,0,0,0,0,0,0,1,9.30263302132089,8.3723697191888,7.53513274726992,6.78161947254293,6.10345752528864,5.49311177275977
"3795910",0,0,0,0,0,0,0,0,1,0.9,0.81,0.729,0.6561,0.59049,0.531441
"394366",0,0,0,0,0,0,0,0,1,0.9,0.81,0.729,0.6561,0.59049,0.531441
"5053674",13.0471895621705,11.7424706059535,10.5682235453581,9.5114011908223,8.56026107174007,7.70423496456606,6.93381146810946,9.2971713612803,15.1453605936005,13.6308245342404,12.2677420808164,11.0409678727348,9.93687108546128,8.94318397691515,8.04886557922364
"139267",0,0,0,0,0,0,0,0,0,0,0,0,0,0,0
"1987354",0,0,0,0,1,0.9,0.81,0.729,0.6561,0.59049,0.531441,0.4782969,0.43046721,0.387420489,0.3486784401
"517885",0,0,0,0,0,0,0,0,0,0,0,1,0.9,0.81,0.729
"3633435",0,0,0,0,0,0,0,0,0,0,3.38629436111989,5.87258329629133,5.2853249666622,4.75679246999598,4.28111322299638
"4858839",0,0,0,0,0,0,0,1,3.21434684781959,2.89291216303763,2.60362094673387,2.34325885206048,2.10893296685444,1.89803967016899,1.70823570315209
"5330802",0,0,0,0,0,0,0,1,9.30263302132089,8.3723697191888,7.53513274726992,6.78161947254293,6.10345752528863,5.49311177275977,4.9438005954838
"5338575",0,0,0,0,0,0,0,16.7505568153683,15.0755011338315,13.5679510204483,12.2111559184035,10.9900403265632,9.89103629390685,8.90193266451616,10.2922857244237
"4864102",0,0,0,0,0,0,0,0,0,0,0,0,0,0,0
"5262363",0,0,0,0,0,0,0,0,0,0,0,0,0,0,0
"5259851",0,0,0,0,0,0,0,0,2,0.9,0.81,0.729,0.6561,0.59049,0.531441
"3039682",0,0,0,0,0,0,0,0,0,0,0,0,0,0,0
"3696476",0,0,0,0,0,0,0,0,3.38629436111989,3.0476649250079,2.74289843250711,2.4686085892564,2.22174773033076,1.99957295729769,1.79961566156792
"5358764",0,0,0,0,0,0,0,0,0,0,0,0,0,0,0
"4799195",0,1,3.21434684781959,8.83943676171549,7.95549308554394,7.15994377698955,6.44394939929059,5.79955445936153,5.21959901342538,4.69763911208284,4.22787520087456,3.8050876807871,6.07455899941808,5.46710309947627,4.92039278952864
"3852231",0,0,0,0,0,0,0,0,0,0,0,0,0,1,0.9
"3182467",0,0,0,0,0,0,0,0,0,0,0,0,0,1,0.9
"4766246",0,0,0,0,0,0,0,3.38629436111989,9.06265298176698,15.1113363186629,13.6002026867966,12.2401824181169,11.0161641763052,13.3122160048129,11.9809944043316
"2536407",0,0,0,0,0,0,0,0,0,0,0,0,0,0,0
"3331371",0,1,0.9,0.81,0.729,0.6561,0.59049,0.531441,11.545106619896,13.8993835362733,16.1226987593638,14.5104288834275,13.0593859950847,11.7534473955762,10.5781026560186
"2491905",0,1,0.9,0.81,0.729,0.6561,0.59049,0.531441,2.4089046394711,2.16801417552399,1.95121275797159,1.75609148217444,0.96991059609,0.872919536481,0.7856275828329
"4774963",0,0,0,0,0,0,0,0,0,0,0,0,0,0,0
"3125280",0,0,0,0,0,0,0,0,0,0,0,0,0,0,0
"3167219",0,0,0,0,0,0,0,0,3.38629436111989,3.0476649250079,2.74289843250711,2.4686085892564,2.22174773033076,1.99957295729769,1.79961566156792
"1809118",3.38629436111989,3.0476649250079,5.48488478329663,4.93639630496697,4.44275667447027,3.99848100702325,3.59863290632092,3.23876961568883,19.3125343716697,17.3812809345027,15.6431528410524,14.0788375569472,12.6709538012525,11.4038584211272,10.2634725790145
"5238888",0,0,0,1,0.9,0.81,0.729,2.7680533534921,15.2467866980703,13.7221080282633,15.9470309645398,14.3523278680858,12.9170950812772,11.6253855731495,10.4628470158346
"4220395",0,0,0,0,0,0,0,0,6.29583686600433,5.6662531794039,5.09962786146351,4.58966507531716,4.13069856778544,3.7176287110069,3.34586583990621
"5001397",0,0,0,0,0,0,0,0,1,0.9,0.81,0.729,0.6561,0.59049,0.531441
"4953274",0,0,0,0,0,0,0,1,9.30263302132089,8.3723697191888,7.53513274726992,6.78161947254293,6.10345752528864,5.49311177275977,7.88235713131172
"802261",0,0,0,0,0,0,0,0,3.38629436111989,3.0476649250079,2.74289843250711,2.4686085892564,2.22174773033076,1.99957295729769,1.79961566156792
"1251130",0,0,0,0,0,0,0,0,3.38629436111989,3.0476649250079,2.74289843250711,2.4686085892564,2.22174773033076,1.99957295729769,1.79961566156792
"389284",0,0,0,0,0,0,0,1,9.30263302132089,8.3723697191888,7.53513274726992,6.78161947254293,6.10345752528863,5.49311177275977,4.9438005954838
"5310752",6.29583686600433,15.905130588867,18.0414093155551,50.0127140907854,70.1034156852702,65.1592950091069,58.6433655081962,52.7790289573766,47.501126061639,81.1749930212695,79.8455804480861,86.6145413873201,77.9530872485881,79.8485004531932,71.8636504078738
"4796566",0,0,0,0,0,0,0,0,1,0.9,0.81,0.729,0.6561,0.59049,0.531441
"5294981",0,0,0,0,0,0,0,0,1,0.9,0.81,0.729,0.6561,0.59049,0.531441
"3092982",0,1,6.08248560137009,5.47423704123308,4.92681333710977,7.38888636579707,6.64999772921737,19.8823471824935,42.8717403927113,47.4984160481972,47.2260658795924,46.9604627101298,42.2644164391168,42.3755793067035,42.467279778918
"4589807",0,0,0,0,0,0,0,1,3.21434684781959,2.89291216303763,2.60362094673387,2.34325885206048,2.10893296685444,1.89803967016899,1.70823570315209
"3545125",0,0,0,0,0,0,0,0,0,0,0,1,0.9,0.81,0.729
"4269831",0,0,0,0,0,0,0,0,9.54517744447956,8.59065970003161,7.73159373002845,10.1833107487756,9.16497967389803,8.24848170650823,7.4236335358574
"4023465",0,0,0,0,0,0,0,0,1,0.9,0.81,0.729,0.6561,0.59049,0.531441
"388487",0,0,0,0,0,0,0,0,0,0,0,0,1,0.9,0.81
"2413551",0,1,0.9,0.81,0.729,2.7680533534921,2.49124801814289,2.2421232163286,4.53814407893144,4.08432967103829,3.67589670393447,3.30830703354102,2.97747633018692,2.67972869716823,2.4117558274514
"740681",0,0,0,0,0,0,0,1,3.21434684781959,2.89291216303763,2.60362094673387,2.34325885206048,2.10893296685444,1.89803967016899,1.70823570315209
"4747932",0,0,0,0,0,0,0,0,3.38629436111989,3.0476649250079,2.74289843250711,2.4686085892564,2.22174773033076,1.99957295729769,1.79961566156792
"2927603",0,1,0.9,0.81,0.729,0.6561,0.59049,0.531441,5.08028401515777,4.57225561364199,4.11503005227779,3.70352704705001,3.33317434234501,2.99985690811051,2.69987121729946
"5351294",0,0,0,0,0,0,0,0,0,0,0,0,0,0,0
"14432",0,1,0.9,0.81,0.729,0.6561,0.59049,0.531441,2.4089046394711,2.16801417552399,1.95121275797159,1.75609148217444,0.96991059609,0.872919536481,0.7856275828329
"4761793",0,1,0.9,0.81,0.729,0.6561,0.59049,0.531441,0.4782969,0.43046721,0.387420489,0.3486784401,0.31381059609,0.282429536481,0.2541865828329
"266367",0,0,0,0,0,0,0,1,0.9,0.81,0.729,0.6561,0.59049,0.531441,0.4782969
"4750684",0,0,0,0,0,0,0,0,0,0,0,0,0,0,0
"3983213",0,0,0,0,0,0,0,0,13.0471895621705,11.7424706059535,10.5682235453581,9.5114011908223,8.56026107174007,7.70423496456606,6.93381146810946
"315056",0,0,0,0,0,0,0,0,0,0,0,0,0,0,0
"636522",0,0,0,0,0,0,0,0,0,0,0,0,0,0,0
"4715881",0,0,0,0,0,0,0,0,0,0,0,0,0,0,0
"5219932",0,0,0,0,0,0,0,0,0,0,0,0,0,0,0
"2712024",0,0,0,0,0,0,0,0,1,0.9,3.05460562531838,2.74914506278654,2.47423055650789,2.2268075008571,2.00412675077139
"3690405",0,0,0,0,0,0,0,0,1,0.9,0.81,0.729,0.6561,0.59049,0.531441
"2228282",0,0,0,0,0,0,0,0,1,0.9,0.81,0.729,2.7680533534921,2.49124801814289,2.2421232163286
"4767994",0,0,0,0,0,0,0,3.38629436111989,12.5190053341705,11.2671048007535,10.1403943206781,9.12635488861033,8.2137193997493,7.39234745977437,6.65311271379693
"5249362",0,0,0,0,0,0,0,0,0,3.38629436111989,3.0476649250079,2.74289843250711,5.1294443068789,4.61649987619101,4.15484988857191
"2324552",0,0,0,0,0,0,0,0,0,0,0,0,0,0,0
"1882887",0,0,0,0,0,0,0,0,1,0.9,0.81,0.729,0.6561,0.59049,0.531441
"4074186",0,0,0,0,0,0,0,0,1,3.21434684781959,2.89291216303763,2.60362094673387,2.34325885206048,2.10893296685444,1.89803967016899
"5050928",0,0,0,0,0,0,0,0,0,0,0,0,0,0,1
"5319831",0,0,0,1,0.9,0.81,0.729,0.6561,0.59049,0.531441,2.4089046394711,2.16801417552399,1.95121275797159,1.75609148217444,3.94569050032084
"5172195",0,0,0,0,0,0,0,0,3.38629436111989,3.0476649250079,2.74289843250711,2.4686085892564,2.22174773033076,1.99957295729769,1.79961566156792
"3578712",0,1,3.21434684781959,8.83943676171549,7.95549308554394,21.4897966983209,19.3408170284888,17.4067353256399,31.456120151654,28.3105081364886,37.084649562853,33.3761846065677,34.2246438662209,30.8021794795988,36.0251573296421
"1713625",0,0,1,0.9,0.81,0.729,0.6561,0.59049,0.531441,0.4782969,0.43046721,0.387420489,0.3486784401,0.31381059609,0.282429536481
"4886392",0,0,0,0,0,0,0,0,6.29583686600433,5.6662531794039,5.09962786146351,4.58966507531716,4.13069856778544,3.7176287110069,3.34586583990621
"2258507",0,0,0,0,0,0,0,0,6.29583686600433,5.6662531794039,5.09962786146351,4.58966507531716,4.13069856778544,3.7176287110069,3.34586583990621
"5356240",0,0,0,0,0,0,0,3.38629436111989,3.0476649250079,2.74289843250711,2.4686085892564,2.22174773033076,1.99957295729769,1.79961566156792,0.9565938
"4739118",0,0,0,0,0,0,0,0,3.38629436111989,3.0476649250079,2.74289843250711,2.4686085892564,2.22174773033076,1.99957295729769,1.79961566156792
"5246522",0,0,0,0,0,0,0,0,0,0,0,0,0,0,0
"1588795",0,0,0,0,0,0,0,0,3.38629436111989,3.0476649250079,2.74289843250711,2.4686085892564,2.22174773033076,1.99957295729769,1.79961566156792
"5114057",0,0,0,0,0,0,0,0,1,0.9,0.81,0.729,0.6561,0.59049,0.531441
"4198375",0,0,0,0,0,0,0,0,0,0,0,0,0,0,0
"4802216",0,0,0,0,0,0,0,0,1,0.9,0.81,0.729,0.6561,0.59049,0.531441
"4004738",0,0,0,0,0,0,0,0,1,0.9,0.81,0.729,0.6561,0.59049,0.531441
"4837534",0,0,0,0,0,0,0,0,1,0.9,0.81,0.729,0.6561,0.59049,0.531441
"1280127",0,0,1,0.9,0.81,0.729,0.6561,0.59049,2.52011251116125,2.26810126004513,2.04129113404062,1.83716202063655,1.6534458185729,0.90430059609,0.813870536481
"5069510",0,0,0,0,0,0,0,0,0,0,0,0,0,0,0
"5378030",0,0,1,0.9,0.81,0.729,0.6561,0.59049,2.52011251116125,2.26810126004513,2.04129113404062,1.83716202063655,1.6534458185729,0.90430059609,0.813870536481
"1416445",0,0,1,0.9,0.81,0.729,0.6561,0.59049,0.531441,0.4782969,0.43046721,0.387420489,0.3486784401,0.31381059609,0.282429536481
"2255377",0,0,1,0.9,0.81,0.729,0.6561,0.59049,2.52011251116125,2.26810126004513,2.04129113404062,1.83716202063655,1.6534458185729,0.90430059609,0.813870536481
"4745861",0,0,0,0,0,0,0,0,0,0,0,0,0,0,0
"354726",0,0,0,0,0,0,0,0,1,0.9,0.81,0.729,0.6561,0.59049,0.531441
"2465751",0,0,1,6.08248560137009,5.47423704123308,4.92681333710977,4.43413200339879,3.99071880305891,3.59164692275302,3.23248223047772,2.90923400742995,2.61831060668695,2.35647954601826,2.12083159141643,0.910050728661
"5447886",0,0,3.38629436111989,3.0476649250079,2.74289843250711,2.4686085892564,2.22174773033076,1.99957295729769,1.79961566156792,0.9565938,0.86093442,0.774840978,0.6973568802,0.62762119218,0.564859072962
"3205550",0,0,0,0,0,0,0,0,0,0,3.38629436111989,3.0476649250079,2.74289843250711,2.4686085892564,2.22174773033076
"4702047",0,0,0,0,0,0,0,0,0,0,0,0,0,0,0
"211431",0,0,0,0,0,0,0,1,0.9,0.81,0.729,0.6561,0.59049,0.531441,0.4782969
"1170748",0,0,0,0,0,0,0,1,0.9,0.81,0.729,0.6561,0.59049,0.531441,0.4782969
"5333814",0,0,0,0,0,0,0,0,1,0.9,0.81,0.729,0.6561,0.59049,0.531441
"667956",3.38629436111989,3.0476649250079,2.74289843250711,2.4686085892564,2.22174773033076,1.99957295729769,1.79961566156792,0.9565938,0.86093442,0.774840978,0.6973568802,0.62762119218,0.564859072962,0.5083731656658,0.45753584909922
"1777858",1,0.9,0.81,0.729,0.6561,0.59049,0.531441,0.4782969,0.43046721,0.387420489,0.3486784401,0.31381059609,0.282429536481,0.2541865828329,0.22876792454961
"5278028",0,0,0,0,0,0,0,1,0.9,0.81,0.729,0.6561,0.59049,0.531441,0.4782969
"1887669",0,0,0,0,0,0,0,0,0,0,0,0,0,0,0
"1292955",1,0.9,0.81,0.729,0.6561,0.59049,0.531441,0.4782969,0.43046721,0.387420489,0.3486784401,0.31381059609,0.282429536481,0.2541865828329,0.22876792454961
"2306874",0,0,0,0,0,0,0,3.38629436111989,3.0476649250079,2.74289843250711,2.4686085892564,2.22174773033076,1.99957295729769,1.79961566156792,0.9565938
"5099513",0,0,0,0,0,0,0,3.38629436111989,3.0476649250079,2.74289843250711,2.4686085892564,2.22174773033076,1.99957295729769,1.79961566156792,0.9565938
"3463214",0,0,0,0,0,0,0,0,0,0,0,0,0,0,0
"5168334",0,0,0,0,0,0,0,0,0,0,0,0,0,0,0
"1373870",0,0,0,0,0,1,0.9,0.81,0.729,0.6561,0.59049,0.531441,0.4782969,0.43046721,0.387420489
"2208440",1,0.9,0.81,0.729,0.6561,0.59049,0.531441,0.4782969,0.43046721,0.387420489,0.3486784401,0.31381059609,0.282429536481,0.2541865828329,0.22876792454961
"2446009",1,0.9,0.81,0.729,0.6561,0.59049,0.531441,2.4089046394711,2.16801417552399,1.95121275797159,1.75609148217444,0.96991059609,0.872919536481,0.7856275828329,0.70706482454961
"2782228",1,0.9,0.81,0.729,0.6561,0.59049,0.531441,0.4782969,0.43046721,0.387420489,0.3486784401,0.31381059609,0.282429536481,0.2541865828329,0.22876792454961
"3697549",0,0,0,0,0,0,0,0,1,0.9,0.81,0.729,0.6561,0.59049,0.531441
"1896204",3.38629436111989,5.87258329629133,5.2853249666622,4.75679246999598,4.28111322299638,3.85300190069674,3.46770171062707,5.79732940592429,5.21759646533186,4.69583681879868,4.22625313691881,3.80362782322693,3.42326504090424,3.08093853681381,2.77284468313243
"2065306",0,0,0,0,0,0,0,1,0.9,0.81,0.729,0.6561,0.59049,0.531441,0.4782969
"498780",0,0,0,0,0,0,0,1,0.9,0.81,0.729,0.6561,0.59049,0.531441,0.4782969
"2804433",0,0,0,0,0,0,0,0,0,0,0,0,0,0,0
"1644795",0,0,0,0,0,0,0,1,0.9,0.81,0.729,0.6561,0.59049,0.531441,0.4782969
"120579",0,0,0,0,0,0,0,0,1,0.9,0.81,0.729,0.6561,0.59049,0.531441
"4448568",0,0,0,0,0,0,0,0,0,0,0,0,0,1,0.9
"268038",0,0,0,0,0,0,0,0,0,0,0,0,0,0,0
"5112581",1,0.9,0.81,0.729,0.6561,0.59049,0.531441,0.4782969,0.43046721,0.387420489,0.3486784401,0.31381059609,0.282429536481,0.2541865828329,0.22876792454961
"4439228",0,0,0,0,0,0,0,0,0,0,0,0,0,0,0
"1692174",1,0.9,0.81,0.729,0.6561,0.59049,0.531441,0.4782969,0.43046721,0.387420489,0.3486784401,0.31381059609,0.282429536481,0.2541865828329,0.22876792454961
"5249087",0,0,0,0,0,0,0,0,0,0,0,0,0,0,0
"1766219",0,0,0,0,0,0,0,0,0,0,0,0,0,0,0
"1578567",0,0,0,0,0,0,0,0,9.54517744447956,8.59065970003161,7.73159373002845,6.9584343570256,6.26259092132304,5.63633182919074,5.07269864627167
"1033925",0,0,0,0,0,0,0,0,0,0,0,0,0,0,0
"5155638",0,0,0,0,0,0,0,0,0,0,0,0,0,0,0
"1840043",3.38629436111989,3.0476649250079,2.74289843250711,2.4686085892564,2.22174773033076,1.99957295729769,1.79961566156792,0.9565938,0.86093442,0.774840978,6.10860836319549,5.49774752687594,4.94797277418835,4.45317549676951,4.00785794709256
"5229734",6.77258872223978,3.0476649250079,2.74289843250711,2.4686085892564,2.22174773033076,1.99957295729769,1.79961566156792,0.9565938,0.86093442,0.774840978,0.6973568802,0.62762119218,0.564859072962,0.5083731656658,0.45753584909922
"3994098",0,0,0,0,0,0,0,0,0,0,0,0,0,0,0
"274062",0,0,0,0,0,0,0,0,0,0,0,0,0,0,0
"2732012",0,0,0,0,0,0,0,1,0.9,0.81,0.729,0.6561,0.59049,0.531441,0.4782969
"2391638",0,0,0,0,0,0,0,6.29583686600433,8.82530482498179,7.94277434248361,7.14849690823525,6.43364721741173,5.79028249567055,5.2112542461035,4.69012882149315
"3646539",0,0,0,1,0.9,0.81,0.729,2.7680533534921,2.49124801814289,2.2421232163286,2.01791089469574,1.81611980522617,0.977910489,0.8801194401,0.79210749609
"5209114",0,0,0,0,0,0,0,0,0,0,0,0,0,0,0
"4694395",1,0.9,0.81,0.729,0.6561,0.59049,0.531441,0.4782969,0.43046721,0.387420489,0.3486784401,0.31381059609,0.282429536481,0.2541865828329,0.22876792454961
"2998856",1,0.9,0.81,0.729,0.6561,0.59049,0.531441,0.4782969,0.43046721,0.387420489,0.3486784401,0.31381059609,0.282429536481,0.2541865828329,0.22876792454961
"3838512",1,0.9,0.81,0.729,0.6561,0.59049,0.531441,0.4782969,0.43046721,0.387420489,0.3486784401,0.31381059609,0.282429536481,0.2541865828329,0.22876792454961
"3594217",0,0,0,0,0,0,0,1,3.21434684781959,2.89291216303763,2.60362094673387,2.34325885206048,2.10893296685444,1.89803967016899,1.70823570315209
"5183569",0,0,0,0,0,0,0,0,0,0,0,0,0,0,0
"1012789",0,0,0,0,0,0,0,3.38629436111989,3.0476649250079,2.74289843250711,2.4686085892564,2.22174773033076,1.99957295729769,1.79961566156792,0.9565938
"5345731",0,0,0,0,0,0,0,1,0.9,0.81,0.729,0.6561,0.59049,0.531441,0.4782969
"2950120",0,0,0,0,0,0,0,1,0.9,0.81,0.729,0.6561,0.59049,0.531441,0.4782969
"4984682",0,0,0,0,0,0,0,0,0,0,0,0,0,0,0
"1666597",0,0,0,0,0,0,0,0,3.38629436111989,3.0476649250079,2.74289843250711,2.4686085892564,2.22174773033076,1.99957295729769,1.79961566156792
"3146209",1,0.9,0.81,0.729,0.6561,0.59049,0.531441,0.4782969,0.43046721,2.20909554133003,4.53307242859205,4.07976518573285,3.67178866715956,6.05582460078549,5.45024214070694
"5009243",1,0.9,0.81,0.729,0.6561,0.59049,0.531441,0.4782969,0.43046721,0.387420489,0.3486784401,0.31381059609,0.282429536481,0.2541865828329,0.22876792454961
"4682921",0,0,0,0,0,0,0,1,0.9,0.81,0.729,0.6561,0.59049,0.531441,0.4782969
"4766699",0,0,0,0,0,0,0,6.29583686600433,5.6662531794039,5.09962786146351,4.58966507531716,4.13069856778544,3.7176287110069,3.34586583990621,3.01127925591559
"2456335",0,0,0,1,0.9,0.81,0.729,8.67236522915736,7.80512870624163,7.02461583561746,6.32215425205572,5.68993882685015,5.12094494416513,4.60885044974862,4.14796540477376
"2677486",0,0,0,0,0,0,0,0,0,0,0,0,0,0,0
"5304535",0,0,0,0,1,0.9,0.81,2.90612565212996,2.61551308691697,2.35396177822527,2.11856560040274,1.90670904036247,1.71603813632622,0.918861489,0.8269753401
"5004776",0,0,0,0,0,0,0,1,0.9,0.81,0.729,0.6561,0.59049,0.531441,0.4782969
"581548",1,0.9,0.81,0.729,0.6561,0.59049,0.531441,0.4782969,0.43046721,0.387420489,0.3486784401,0.31381059609,0.282429536481,0.2541865828329,0.22876792454961
"5149810",0,0,0,0,0,0,0,1,3.21434684781959,2.89291216303763,2.60362094673387,2.34325885206048,2.10893296685444,1.89803967016899,1.70823570315209
"5319971",0,0,0,0,0,0,0,0,0,0,0,0,0,0,0
"3441379",0,0,0,0,0,0,0,0,1,0.9,0.81,5.69916272241447,5.12924645017302,4.61632180515572,4.15468962464015
"3639740",0,0,0,3.38629436111989,3.0476649250079,2.74289843250711,2.4686085892564,2.22174773033076,1.99957295729769,1.79961566156792,0.9565938,0.86093442,0.774840978,0.6973568802,0.62762119218
"2149036",0,0,0,0,0,0,0,0,0,0,0,0,0,0,0
"4180305",0,0,0,0,0,0,0,0,0,3.38629436111989,3.0476649250079,2.74289843250711,2.4686085892564,2.22174773033076,1.99957295729769
"4780509",0,0,0,1,0.9,0.81,0.729,2.7680533534921,2.49124801814289,2.2421232163286,4.53814407893144,4.08432967103829,3.67589670393447,3.30830703354102,2.97747633018692
"5264991",0,0,0,0,0,0,0,1,0.9,0.81,0.729,0.6561,0.59049,0.531441,0.4782969
"4409330",0,0,0,0,0,0,0,0,0,0,0,1,0.9,0.81,0.729
"2988453",0,0,0,0,0,0,0,0,3.38629436111989,3.0476649250079,2.74289843250711,2.4686085892564,2.22174773033076,1.99957295729769,1.79961566156792
"3653232",0,1,3.21434684781959,5.67723930001398,5.10951537001259,4.59856383301133,4.13870744971019,3.72483670473918,6.08478762553252,5.47630886297926,4.92867797668134,4.4358101790132,3.99222916111188,3.5930062450007,3.23370562050063
"3662753",0,0,0,0,0,0,0,1,0.9,0.81,0.729,0.6561,0.59049,0.531441,0.4782969
"5144007",0,0,0,0,0,0,0,1,0.9,0.81,0.729,0.6561,0.59049,0.531441,0.4782969
"5198189",0,0,0,0,0,0,0,0,1,0.9,0.81,0.729,0.6561,0.59049,0.531441
"2140617",0,0,0,0,0,0,0,0,0,0,0,0,0,0,0
"5322776",0,0,0,0,0,0,0,0,6.29583686600433,5.6662531794039,5.09962786146351,4.58966507531716,4.13069856778544,3.7176287110069,3.34586583990621
"4653119",0,0,0,0,0,0,0,0,0,0,0,0,0,0,0
"3689037",0,0,0,0,0,0,0,3.38629436111989,3.0476649250079,2.74289843250711,2.4686085892564,2.22174773033076,1.99957295729769,1.79961566156792,0.9565938
"5335988",0,0,0,0,0,0,0,3.38629436111989,5.87258329629133,5.2853249666622,4.75679246999598,4.28111322299638,3.85300190069674,3.46770171062707,3.12093153956436
"4899622",0,0,0,0,0,0,0,0,0,0,0,0,0,0,0
"568792",0,0,0,0,0,0,0,1,0.9,0.81,0.729,0.6561,0.59049,0.531441,0.4782969
"3601813",0,0,0,0,0,0,0,0,0,0,0,0,0,0,0
"2372364",0,0,0,0,0,0,0,0,1,0.9,0.81,0.729,0.6561,0.59049,0.531441
"1408132",0,0,0,0,0,0,0,0,1,0.9,5.88393243356697,5.29553919021027,4.76598527118924,4.28938674407032,3.86044806966329
"638360",0,0,0,0,0,0,0,0,0,0,0,0,0,0,0
"4833295",0,0,0,0,0,0,0,0,0,0,0,0,0,0,0
"5039207",0,0,0,0,0,0,0,0,1,0.9,0.81,0.729,0.6561,0.59049,0.531441
"5362181",0,0,0,0,0,0,0,1,0.9,0.81,0.729,0.6561,0.59049,0.531441,0.4782969
"3230434",0,0,0,0,0,0,1,0.9,0.81,0.729,0.6561,0.59049,0.531441,0.4782969,0.43046721
"4635989",0,0,0,0,0,1,0.9,0.81,0.729,0.6561,0.59049,0.531441,0.4782969,0.43046721,0.387420489
"2486014",0,0,0,0,0,0,0,0,1,0.9,0.81,0.729,0.6561,0.59049,0.531441
"5274337",0,0,0,0,0,0,0,3.38629436111989,3.0476649250079,2.74289843250711,2.4686085892564,2.22174773033076,1.99957295729769,1.79961566156792,0.9565938
"5272045",0,0,0,0,0,0,0,0,0,0,0,0,0,0,0
"4979591",0,0,0,0,0,1,0.9,0.81,0.729,0.6561,0.59049,0.531441,2.4089046394711,2.16801417552399,1.95121275797159
"219159",0,0,0,0,0,0,0,0,3.38629436111989,3.0476649250079,2.74289843250711,2.4686085892564,2.22174773033076,1.99957295729769,1.79961566156792
"4828235",0,0,0,0,0,0,0,0,0,0,0,3.38629436111989,3.0476649250079,2.74289843250711,2.4686085892564
"4376433",0,0,0,3.38629436111989,3.0476649250079,2.74289843250711,2.4686085892564,2.22174773033076,4.50379549895557,4.05341594906001,6.45812092199568,8.90285979879421,8.01257381891479,7.21131643702331,6.49018479332098
"2063705",0,0,0,0,0,0,0,0,3.38629436111989,3.0476649250079,2.74289843250711,2.4686085892564,2.22174773033076,1.99957295729769,1.79961566156792
"4729263",0,0,0,0,0,0,0,0,0,0,0,0,0,0,0
"3728918",0,0,0,0,0,0,0,0,3.38629436111989,3.0476649250079,2.74289843250711,2.4686085892564,4.80330104809825,4.32297094328843,3.89067384895959
"1761641",0,0,0,0,0,0,0,0,1,0.9,0.81,0.729,0.6561,0.59049,0.531441
"4068669",0,0,0,6.29583686600433,5.6662531794039,5.09962786146351,4.58966507531716,4.13069856778544,3.7176287110069,6.07542968130007,5.46788671317007,4.92109804185306,4.42898823766775,3.98608941390098,3.58748047251088
"4837018",0,0,0,0,0,0,0,0,0,0,0,0,0,0,0
"1482836",0,0,0,0,0,0,0,0,1,0.9,0.81,0.729,0.6561,0.59049,0.531441
"4821006",0,0,0,0,0,0,0,0,0,0,0,0,0,0,0
"2963573",0,0,0,0,0,0,0,0,0,0,0,0,0,0,0
"3670007",0,0,0,1,0.9,12.5357370099717,11.2821633089745,10.1539469780771,9.13855228026935,8.22469705224242,7.40222734701817,6.66200461231636,5.99580415108472,5.39622373597625,7.70918045045721
"4548109",0,0,0,0,0,0,0,0,0,0,0,0,0,0,1
"704428",0,0,0,0,0,0,0,0,3.38629436111989,3.0476649250079,2.74289843250711,2.4686085892564,2.22174773033076,1.99957295729769,1.79961566156792
"2262500",0,3.38629436111989,5.87258329629133,5.2853249666622,4.75679246999598,4.28111322299638,3.85300190069674,3.46770171062707,8.88723880500844,7.9985149245076,7.19866343205684,6.47879708885115,5.83091737996604,5.24782564196943,4.72304307777249
"4070759",0,0,0,0,0,0,0,0,0,0,0,0,0,0,0
"4993578",0,0,0,0,0,0,0,0,1,0.9,0.81,0.729,0.6561,0.59049,0.531441
"3928274",0,0,0,0,0,0,0,0,0,0,0,0,0,0,0
"337806",0,0,0,1,0.9,0.81,0.729,0.6561,0.59049,2.52011251116125,2.26810126004513,2.04129113404062,1.83716202063655,1.6534458185729,0.90430059609
"5012318",0,0,0,0,0,0,0,0,0,0,0,0,0,0,0
"5224596",0,0,9.54517744447956,23.3932245357895,21.0539020822106,18.9485118739895,17.0536606865906,15.3482946179315,13.8134651561384,12.4321186405245,11.1889067764721,10.0700160988249,9.06301448894239,8.15671304004815,7.34104173604333
"3902686",0,0,0,0,0,0,0,0,0,0,0,0,0,0,0
"4794910",0,3.38629436111989,9.06265298176698,8.15638768359028,14.1315459463272,12.7183913516944,11.446552216525,10.3018969948725,9.27170729538525,15.095127074164,20.9834864614524,22.732366662105,20.4591299958945,18.413216996305,16.5718952966745
"3820111",0,0,0,0,0,0,0,0,1,0.9,0.81,0.729,0.6561,0.59049,0.531441
"1420361",0,0,0,0,0,0,0,0,3.38629436111989,3.0476649250079,2.74289843250711,2.4686085892564,2.22174773033076,1.99957295729769,1.79961566156792
"3446907",0,0,0,0,0,0,0,0,0,0,0,0,0,0,0
"4663345",0,0,0,0,0,0,0,0,0,1,0.9,0.81,0.729,0.6561,0.59049
"4796216",0,0,0,0,0,0,0,0,0,0,0,0,0,0,0
"5115023",0,0,1,0.9,0.81,0.729,0.6561,0.59049,0.531441,2.4089046394711,2.16801417552399,1.95121275797159,1.75609148217444,0.96991059609,0.872919536481
"5304807",0,0,0,0,0,0,0,0,0,0,1,0.9,0.81,0.729,0.6561
"3300765",0,1,0.9,0.81,0.729,0.6561,0.59049,0.531441,0.4782969,0.43046721,0.387420489,0.3486784401,0.31381059609,0.282429536481,0.2541865828329
"1663315",0,0,0,0,0,0,0,0,6.29583686600433,5.6662531794039,5.09962786146351,4.58966507531716,4.13069856778544,3.7176287110069,3.34586583990621
"3058683",0,0,0,0,0,0,0,0,0,0,0,0,0,0,0
"2663905",0,0,0,0,0,0,0,0,0,0,0,0,0,0,0
"4157209",0,0,0,0,0,0,0,0,0,0,0,0,0,0,0
"4479347",0,1,0.9,0.81,0.729,0.6561,0.59049,0.531441,0.4782969,0.43046721,0.387420489,0.3486784401,0.31381059609,0.282429536481,0.2541865828329
"4752830",0,0,0,0,0,0,0,0,9.54517744447956,8.59065970003161,7.73159373002845,6.9584343570256,6.26259092132304,5.63633182919074,5.07269864627167
"4431308",0,1,0.9,12.5357370099717,11.2821633089745,10.1539469780771,9.13855228026935,8.22469705224242,10.6045152221534,9.54406369993806,8.58965732994426,7.73069159694983,6.95762243725485,9.27435897850413,8.34692308065372
"4785386",0,1,0.9,0.81,0.729,0.6561,0.59049,0.531441,0.4782969,0.43046721,0.387420489,0.3486784401,0.31381059609,0.282429536481,0.2541865828329
"4939004",0,0,3.38629436111989,3.0476649250079,2.74289843250711,2.4686085892564,2.22174773033076,1.99957295729769,1.79961566156792,0.9565938,0.86093442,0.774840978,0.6973568802,0.62762119218,0.564859072962
"2137907",0,1,0.9,0.81,0.729,0.6561,0.59049,0.531441,0.4782969,0.43046721,0.387420489,0.3486784401,0.31381059609,0.282429536481,0.2541865828329
"5004392",0,0,0,0,0,0,0,0,0,0,0,0,0,0,0
"1252703",0,1,0.9,0.81,0.729,0.6561,0.59049,0.531441,0.4782969,0.43046721,0.387420489,0.3486784401,0.31381059609,0.282429536481,0.2541865828329
"2808070",0,0,0,0,0,0,0,0,0,0,0,0,0,0,0
"4796288",0,1,0.9,0.81,0.729,0.6561,0.59049,0.531441,0.4782969,0.43046721,0.387420489,0.3486784401,0.31381059609,7.5409553661289,6.78685982951601
"5113082",0,0,0,0,0,0,0,0,1,0.9,0.81,0.729,0.6561,0.59049,0.531441
"5159051",0,0,0,0,0,0,0,0,0,0,0,0,0,0,0
"4387173",0,0,0,0,0,0,0,0,0,0,0,0,0,0,0
"5273000",0,1,0.9,0.81,0.729,0.6561,0.59049,0.531441,0.4782969,0.43046721,0.387420489,0.3486784401,0.31381059609,0.282429536481,0.2541865828329
"4787451",0,1,0.9,0.81,0.729,0.6561,0.59049,0.531441,0.4782969,0.43046721,0.387420489,0.3486784401,0.31381059609,0.282429536481,0.2541865828329
"4451623",0,1,0.9,0.81,0.729,0.6561,0.59049,0.531441,2.4089046394711,2.16801417552399,1.95121275797159,1.75609148217444,0.96991059609,0.872919536481,0.7856275828329
"4805670",0,0,1,0.9,0.81,0.729,0.6561,0.59049,8.32303869555798,7.49073482600218,6.74166134340196,6.06749520906177,5.46074568815559,4.91467111934003,4.42320400740603
"5278952",0,0,0,0,0,0,0,0,0,0,0,0,0,0,0
"4965221",0,0,0,0,1,0.9,0.81,0.729,0.6561,0.59049,0.531441,0.4782969,0.43046721,0.387420489,0.3486784401
"5268901",0,0,1,0.9,0.81,0.729,0.6561,0.59049,0.531441,0.4782969,0.43046721,0.387420489,0.3486784401,0.31381059609,0.282429536481
"1970588",0,0,1,0.9,0.81,0.729,0.6561,0.59049,0.531441,0.4782969,0.43046721,0.387420489,0.3486784401,0.31381059609,0.282429536481
"5174162",0,0,0,0,0,0,0,0,0,0,0,0,0,0,0
"4500707",0,0,1,0.9,0.81,0.729,0.6561,0.59049,0.531441,0.4782969,0.43046721,0.387420489,0.3486784401,0.31381059609,0.282429536481
"3378727",0,0,0,0,0,0,0,0,0,0,1,0.9,0.81,0.729,0.6561
"4835059",0,0,1,0.9,3.05460562531838,2.74914506278654,2.47423055650789,2.2268075008571,2.00412675077139,1.80371407569425,0.96190821,0.865717389,0.7791456501,0.70123108509,0.631107976581
"4086645",0,0,0,0,0,0,0,0,0,0,0,0,0,0,0
"1922545",0,0,0,0,0,0,0,0,1,0.9,0.81,0.729,0.6561,0.59049,0.531441
"3231048",0,0,0,0,0,0,0,0,1,0.9,0.81,0.729,0.6561,0.59049,0.531441
"5293100",0,0,1,0.9,0.81,12.3069358361,11.07624225249,9.96861802724102,12.342136800121,11.1079231201089,9.99713080809804,8.99741772728823,8.09767595455941,7.28790835910347,6.55911752319312
"2909186",0,1,0.9,0.81,0.729,0.6561,0.59049,0.531441,0.4782969,2.30541003845607,2.07486903461046,1.86738213114942,1.68064391803448,0.938529536481,0.8446765828329
"2594767",0,0,0,0,0,0,0,0,0,1,0.9,0.81,0.729,0.6561,0.59049
"5379287",0,0,0,0,0,0,0,0,0,1,0.9,0.81,0.729,0.6561,0.59049
"148226",0,0,0,0,0,0,0,0,0,0,0,0,0,0,0
"4336204",0,9.54517744447956,8.59065970003161,7.73159373002845,6.9584343570256,6.26259092132304,5.63633182919074,5.07269864627167,4.5654287816445,4.10888590348005,3.69799731313204,3.32819758181884,5.5441178994037,4.98970610946333,4.490735498517
"1320147",0,0,0,0,0,0,0,0,0,0,0,0,0,0,0
"223341",0,1,0.9,0.81,5.69916272241447,5.12924645017302,4.61632180515572,4.15468962464015,3.73922066217613,3.36529859595852,3.02876873636267,2.7258918627264,2.45330267645376,2.20797240880839,0.9515434630329
"466657",0,0,0,0,0,0,0,0,0,0,0,0,0,0,0
"4735689",0,0,0,1,0.9,0.81,0.729,0.6561,2.6396160454264,2.37565444088376,2.13808899679538,1.92428009711584,1.73185208740426,0.9391684401,0.84525159609
"1021573",0,0,0,1,0.9,0.81,0.729,0.6561,0.59049,2.52011251116125,2.26810126004513,2.04129113404062,1.83716202063655,1.6534458185729,0.90430059609
"955995",0,0,0,0,0,0,0,0,0,0,0,0,0,0,0
"1012327",0,0,0,0,0,0,0,0,0,0,0,0,0,0,0
"1383982",0,0,1,0.9,0.81,0.729,0.6561,0.59049,0.531441,0.4782969,0.43046721,0.387420489,0.3486784401,0.31381059609,0.282429536481
"4064146",0,0,1,0.9,0.81,0.729,0.6561,0.59049,0.531441,2.4089046394711,2.16801417552399,1.95121275797159,1.75609148217444,0.96991059609,0.872919536481
"539418",0,0,0,3.38629436111989,3.0476649250079,2.74289843250711,2.4686085892564,2.22174773033076,1.99957295729769,7.16325304501031,6.44692774050928,12.268617489443,11.0417557404987,9.93758016644885,8.94382214980397
"4780949",0,0,0,6.29583686600433,5.6662531794039,5.09962786146351,4.58966507531716,4.13069856778544,3.7176287110069,20.0404673918874,18.0364206526986,16.2327785874288,14.6095007286859,13.1485506558173,11.8336955902356
"4050926",0,0,0,0,0,0,0,0,0,0,1,0.9,0.81,0.729,0.6561
"3765524",0,0,0,0,0,1,0.9,0.81,0.729,0.6561,2.6396160454264,5.02251948474566,4.52026753627109,4.06824078264398,3.66141670437959
"5334274",0,0,1,0.9,0.81,0.729,0.6561,0.59049,0.531441,0.4782969,0.43046721,0.387420489,0.3486784401,0.31381059609,0.282429536481
"3882337",0,0,0,0,1,0.9,0.81,0.729,0.6561,0.59049,0.531441,0.4782969,0.43046721,0.387420489,0.3486784401
"5314235",0,0,0,3.38629436111989,3.0476649250079,2.74289843250711,2.4686085892564,2.22174773033076,1.99957295729769,13.9464667779079,12.5518201001171,11.2966380901054,10.1669742810949,9.1502768529854,8.23524916768686
"1229514",0,0,3.38629436111989,5.87258329629133,5.2853249666622,4.75679246999598,4.28111322299638,3.85300190069674,3.46770171062707,5.79732940592429,5.21759646533186,4.69583681879868,4.22625313691881,3.80362782322693,3.42326504090424
"4772246",0,0,0,0,0,0,0,0,0,1,0.9,0.81,0.729,0.6561,0.59049
"5157617",0,0,0,0,0,1,0.9,0.81,0.729,0.6561,4.31818586582773,3.88636727924496,3.49773055132046,3.14795749618841,2.83316174656957
"2759033",0,0,1,0.9,0.81,0.729,0.6561,0.59049,0.531441,2.4089046394711,2.16801417552399,1.95121275797159,1.75609148217444,0.96991059609,0.872919536481
"1746519",0,0,0,0,0,0,0,0,0,0,0,0,0,0,0
"3734845",0,0,0,0,0,0,0,0,0,0,0,0,0,0,0
"5198396",0,0,0,0,0,0,0,0,0,0,0,0,0,0,0
"4769390",0,0,0,0,0,0,0,0,0,0,0,0,0,0,0
"5124076",0,0,3.38629436111989,16.1852248499879,14.5667023649891,13.1100321284902,11.7990289156411,10.619126024077,9.55721342166933,8.6014920795024,10.9234782579486,9.83113043215376,8.84801738893838,7.96321565004455,21.0200716102695
"5268448",0,0,0,0,0,0,0,0,0,0,0,0,1,0.9,9.07705124598378
"4797733",0,0,0,6.29583686600433,5.6662531794039,5.09962786146351,4.58966507531716,4.13069856778544,3.7176287110069,6.07542968130007,5.46788671317007,4.92109804185306,4.42898823766775,3.98608941390098,3.58748047251088
"5214843",0,0,0,1,0.9,0.81,0.729,0.6561,0.59049,0.531441,0.4782969,0.43046721,0.387420489,2.11947152336044,1.9075243710244
"5412836",0,0,0,0,0,0,0,0,0,0,0,0,0,0,0
"2256102",0,0,0,0,0,0,0,0,0,3.38629436111989,3.0476649250079,2.74289843250711,2.4686085892564,2.22174773033076,1.99957295729769
"1817709",0,0,0,1,0.9,0.81,0.729,0.6561,0.59049,5.21857219705012,4.69671497734511,4.2270434796106,3.80433913164954,3.42390521848458,3.08151469663613
"4751799",0,0,0,0,0,0,0,0,0,0,0,0,0,0,0
"1300412",0,0,0,0,0,1,0.9,0.81,0.729,0.6561,2.6396160454264,2.37565444088376,2.13808899679538,1.92428009711584,1.73185208740426
"4622438",0,0,0,0,0,0,0,0,0,0,1,0.9,0.81,0.729,0.6561
"2483702",0,0,0,0,1,0.9,0.81,0.729,0.6561,0.59049,0.531441,0.4782969,0.43046721,0.387420489,0.3486784401
"2428950",0,0,0,0,0,0,0,0,0,0,0,0,0,0,0
"773785",0,0,0,0,0,0,0,0,0,0,0,0,0,0,0
"251668",0,0,0,0,0,0,0,0,0,0,0,2,0.9,0.81,0.729
"5193607",0,0,0,0,0,0,0,0,0,0,0,3.38629436111989,3.0476649250079,2.74289843250711,2.4686085892564
"4776088",0,0,0,0,0,0,0,0,0,0,0,0,0,0,0
"4503701",0,0,0,0,1,0.9,0.81,0.729,0.6561,0.59049,0.531441,0.4782969,0.43046721,0.387420489,0.3486784401
"4750315",0,0,0,0,0,1,0.9,0.81,0.729,0.6561,2.6396160454264,2.37565444088376,2.13808899679538,1.92428009711584,1.73185208740426
"1216243",0,0,0,0,0,0,0,0,0,0,1,0.9,0.81,0.729,0.6561
"3455520",0,0,0,0,0,0,0,0,0,0,0,0,0,0,0
"3983248",0,0,0,0,0,0,0,0,0,0,1,0.9,0.81,0.729,0.6561
"40318",0,0,0,0,0,0,0,0,0,0,1,0.9,0.81,0.729,0.6561
"4803181",0,0,0,0,0,0,0,0,0,0,0,0,0,0,0
"4799694",0,0,0,0,0,0,0,0,0,0,3.38629436111989,3.0476649250079,2.74289843250711,2.4686085892564,2.22174773033076
"526667",0,0,0,0,0,3.38629436111989,3.0476649250079,2.74289843250711,2.4686085892564,2.22174773033076,4.50379549895557,4.05341594906001,6.45812092199568,5.81230882979611,5.2310779468165
"5101361",0,0,0,0,0,1,0.9,0.81,0.729,0.6561,0.59049,0.531441,0.4782969,0.43046721,0.387420489
"4956352",0,0,0,0,0,0,0,0,0,0,0,0,0,0,0
"1464173",0,1,0.9,0.81,0.729,0.6561,0.59049,0.531441,0.4782969,0.43046721,4.83235540678567,4.3491198661071,3.91420787949639,3.52278709154675,3.17050838239208
"4540762",0,0,0,0,0,0,0,0,0,0,0,0,0,0,0
"4733583",0,0,0,0,0,0,0,0,0,0,1,0.9,0.81,0.729,0.6561
"5267420",0,0,0,0,0,0,0,0,0,0,1,0.9,0.81,0.729,0.6561
"4757037",0,0,0,0,0,0,0,0,0,0,0,0,0,0,0
"1594572",0,0,0,0,0,0,0,0,0,0,0,0,0,0,0
"1172278",0,0,0,1,0.9,0.81,0.729,0.6561,0.59049,0.531441,0.4782969,0.43046721,0.387420489,0.3486784401,0.31381059609
"2324998",0,0,0,0,0,0,0,0,0,0,0,0,0,0,0
"4027805",0,0,0,1,0.9,0.81,0.729,0.6561,0.59049,0.531441,0.4782969,0.43046721,0.387420489,0.3486784401,0.31381059609
"2183534",0,0,0,0,0,1,0.9,0.81,0.729,0.6561,0.59049,0.531441,0.4782969,0.43046721,0.387420489
"815553",0,0,0,0,0,0,0,0,0,0,0,0,0,0,0
"4883042",0,1,0.9,0.81,0.729,5.52724301246535,4.97451871121882,4.47706684009693,4.02936015608724,3.62642414047852,5.98064255956136,5.38257830360522,4.8443204732447,4.35988842592023,3.92389958332821
"4787083",0,0,0,0,1,3.21434684781959,2.89291216303763,2.60362094673387,2.34325885206048,2.10893296685444,4.36534501289925,3.92881051160933,3.5359294604484,3.18233651440356,2.8641028629632
"4761947",0,0,0,0,0,0,1,0.9,0.81,0.729,0.6561,0.59049,0.531441,0.4782969,0.43046721
"5396721",0,0,0,0,0,0,0,0,0,0,3.38629436111989,3.0476649250079,2.74289843250711,2.4686085892564,2.22174773033076
"5314069",0,0,0,0,0,0,1,0.9,0.81,0.729,0.6561,5.36731191125412,4.83058072012871,4.34752264811584,3.91277038330426
"5190591",0,0,0,0,0,0,0,0,0,0,0,1,0.9,0.81,0.729
"5020609",0,0,0,0,0,1,0.9,0.81,0.729,0.6561,2.6396160454264,2.37565444088376,2.13808899679538,4.41521536411777,3.97369382770599
"4595934",0,0,0,0,0,0,0,0,0,0,0,0,0,0,0
"10924",0,0,0,0,0,0,0,0,0,0,1,0.9,0.81,0.729,0.6561
"3782383",0,0,0,0,0,1,0.9,0.81,0.729,0.6561,0.59049,0.531441,0.4782969,0.43046721,0.387420489
"3300392",0,0,0,0,0,0,0,0,0,0,1,0.9,0.81,0.729,0.6561
"3931466",0,0,0,0,0,6.29583686600433,5.6662531794039,5.09962786146351,4.58966507531716,4.13069856778544,3.7176287110069,3.34586583990621,3.01127925591559,2.71015133032403,2.43913619729163
"5347608",0,0,0,0,0,0,0,0,0,0,1,0.9,0.81,0.729,0.6561
"806951",0,0,0,0,1,0.9,11.1494426488518,8.1693461213854,7.35241150924686,6.61717035832218,5.95545332248996,5.35990799024096,4.82391719121687,7.17625260620543,6.45862734558488
"3811986",0,0,0,0,0,0,0,0,0,0,0,0,0,0,0
"4402245",0,0,0,0,0,0,0,0,0,0,0,0,0,0,0
"4935449",0,1,0.9,9.07705124598378,8.1693461213854,7.35241150924686,6.61717035832218,5.95545332248996,5.35990799024096,4.82391719121687,4.34152547209518,3.90737292488566,3.5166356323971,3.16497206915739,2.84847486224165
"4425748",0,0,0,0,0,0,0,0,0,0,0,0,0,0,0
"20871",0,0,0,0,0,0,0,0,0,0,0,0,0,0,0
"567514",0,0,0,0,0,0,0,0,0,0,0,0,0,0,0
"1714769",0,0,0,0,0,0,0,0,0,0,0,1,3.21434684781959,2.89291216303763,2.60362094673387
"4618236",0,0,0,0,0,0,0,0,0,0,0,0,0,0,0
"5120522",0,0,0,0,0,0,0,0,0,0,0,0,0,0,0
"4523349",0,0,0,0,0,0,0,0,0,0,0,0,0,0,0
"2383241",0,0,0,0,0,0,0,0,0,0,0,1,0.9,0.81,0.729
"5284018",0,0,0,0,0,0,0,0,0,0,0,0,0,0,0
"4762638",0,0,0,0,0,0,0,0,0,0,0,0,0,0,0
"5227463",0,0,0,0,0,0,0,0,0,0,0,0,0,0,0
"527153",0,0,0,0,0,0,0,0,0,0,0,0,0,0,0
"1154762",0,0,0,0,0,0,0,0,0,0,0,0,1,0.9,0.81
"4383690",0,0,0,0,0,0,0,0,0,0,0,0,0,0,0
"5365097",0,0,0,0,0,0,0,0,0,0,0,0,0,0,0
"2752251",0,0,0,0,0,0,0,0,0,0,0,0,0,0,0
"3051020",0,0,1,0.9,0.81,0.729,0.6561,0.59049,0.531441,0.4782969,0.43046721,0.387420489,2.11947152336044,1.9075243710244,1.71677193392196
"2307056",0,0,0,0,0,0,0,0,0,0,0,0,0,0,0
"521654",0,0,0,0,0,0,0,0,0,0,0,0,0,0,0
"4344390",0,0,0,0,0,0,0,0,0,0,0,0,0,0,0
"3937709",0,0,0,0,0,0,0,0,0,0,0,0,1,0.9,0.81
"4642199",0,0,0,0,0,0,0,0,0,0,0,0,0,0,0
"4385051",0,1,0.9,3.05460562531838,2.74914506278654,2.47423055650789,2.2268075008571,2.00412675077139,1.80371407569425,0.96190821,0.865717389,0.7791456501,3.33624900209165,3.00262410188249,2.70236169169424
"5506233",0,0,0,0,0,0,0,0,0,0,0,0,0,0,0
"5334717",0,0,0,1,0.9,0.81,0.729,0.6561,0.59049,0.531441,0.4782969,0.43046721,0.387420489,0.3486784401,0.31381059609
"5000831",0,0,0,0,0,0,0,0,0,0,0,0,0,0,0
"2986392",0,0,0,0,0,0,0,0,0,0,0,0,0,0,0
"390251",0,9.54517744447956,8.59065970003161,21.0105880504631,18.9095292454168,24.8641539531424,34.8098954013478,31.3289058612131,28.1960152750918,25.3764137475826,22.8387723728243,20.5548951355419,18.4994056219877,16.6494650597889,22.3224848251163
"3029977",0,0,0,3.38629436111989,3.0476649250079,2.74289843250711,2.4686085892564,2.22174773033076,1.99957295729769,1.79961566156792,0.9565938,0.86093442,0.774840978,0.6973568802,0.62762119218
"1733600",0,9.54517744447956,15.6267908037184,17.774745301805,19.7771212524796,17.7994091272317,16.0194682145085,14.4175213930577,12.9757692537519,11.6781923283767,10.510373095539,9.45933578598513,8.51340220738661,7.66206198664795,13.2169089574494
"5238567",0,3.38629436111989,3.0476649250079,2.74289843250711,2.4686085892564,2.22174773033076,1.99957295729769,1.79961566156792,0.9565938,0.86093442,0.774840978,0.6973568802,0.62762119218,12.2102507969153,10.9892257172237
"4843391",0,0,0,0,0,0,0,0,0,0,0,0,0,0,0
"1284140",0,1,0.9,0.81,0.729,0.6561,0.59049,0.531441,0.4782969,0.43046721,0.387420489,0.3486784401,0.31381059609,0.282429536481,0.2541865828329
"507321",0,0,0,0,0,0,0,0,0,0,0,0,0,0,1
"2496450",0,6.29583686600433,15.905130588867,18.0414093155551,47.4492940775356,39.8426204311736,35.8583583880563,32.2725225492506,29.0452702943256,26.140743264893,23.5266689384037,21.1740020445633,19.056601840107,17.1509416560963,22.7837133813983
"2986553",0,0,0,1,0.9,0.81,0.729,0.6561,0.59049,0.531441,0.4782969,0.43046721,0.387420489,0.3486784401,0.31381059609
"5369401",0,0,0,0,0,0,0,0,0,0,0,0,0,0,0
"4758676",0,0,0,0,0,0,0,0,0,0,0,0,0,1,0.9
"3903808",0,0,0,0,0,0,0,0,0,0,0,0,0,3.38629436111989,5.87258329629133
"4908899",0,0,0,0,1,3.21434684781959,2.89291216303763,2.60362094673387,2.34325885206048,2.10893296685444,1.89803967016899,1.70823570315209,0.90876411,0.817887699,0.7360989291
"4749288",0,0,0,0,0,0,0,0,0,0,0,0,0,0,0
"5105412",0,0,0,0,0,0,0,0,0,0,0,0,0,0,0
"487656",0,0,0,0,0,0,0,0,0,0,0,0,0,0,0
"5034648",0,1,0.9,0.81,0.729,0.6561,0.59049,0.531441,0.4782969,0.43046721,0.387420489,0.3486784401,0.31381059609,0.282429536481,0.2541865828329
"5197143",0,0,0,0,0,0,0,0,0,0,0,0,0,0,0
"4367424",0,0,0,0,0,0,0,0,0,0,0,0,0,1,0.9
"4218888",0,0,6.29583686600433,5.6662531794039,11.5356622634697,10.3820960371228,9.34388643341049,8.40949779006944,7.5685480110625,6.81169320995625,6.13052388896062,5.51747150006456,4.96572435005811,4.4691519150523,6.72731033182139
"5074377",0,0,0,0,0,0,0,0,0,0,0,0,0,0,0
"4001223",0,0,0,0,0,0,0,0,0,0,0,0,0,0,0
"4723142",0,0,0,0,0,0,0,0,0,0,0,0,0,0,0
"4643862",0,0,0,0,0,0,0,0,0,0,0,0,0,0,0
"1233593",0,0,0,0,0,0,0,0,0,0,0,0,0,0,0
"4677774",0,1,0.9,0.81,0.729,0.6561,0.59049,0.531441,0.4782969,0.43046721,0.387420489,0.3486784401,0.31381059609,0.282429536481,0.2541865828329
"77517",0,0,0,0,0,0,0,0,0,0,0,0,0,0,0
"1430085",0,0,0,0,0,0,0,0,0,0,0,0,0,0,1
"4568119",0,0,0,0,0,0,0,0,0,0,0,0,0,0,3.38629436111989
"5308748",0,0,0,0,0,0,0,0,0,0,0,0,0,0,0
"4796626",0,1,0.9,0.81,0.729,0.6561,0.59049,0.531441,0.4782969,0.43046721,0.387420489,0.3486784401,0.31381059609,0.282429536481,0.2541865828329
"5567567",0,0,0,0,0,0,0,0,0,0,0,0,0,0,0
"5134494",0,6.29583686600433,5.6662531794039,11.5356622634697,10.3820960371228,24.1376988380827,21.7239289542744,19.551536058847,17.5963824529623,15.836744207666,14.2530697868994,12.8277628082095,11.5449865273886,10.3904878746497,9.35143908718473
"5324979",0,6.29583686600433,5.6662531794039,5.09962786146351,7.57225841616298,6.81503257454668,6.13352931709201,5.52017638538281,4.96815874684453,4.47134287216008,4.02420858494407,3.62178772644966,3.2596089538047,2.93364805842423,2.64028325258181
"5172921",0,1,0.9,0.81,0.729,0.6561,0.59049,0.531441,0.4782969,0.43046721,0.387420489,0.3486784401,0.31381059609,0.282429536481,0.2541865828329
"5129219",0,1,0.9,0.81,0.729,0.6561,0.59049,0.531441,0.4782969,0.43046721,0.387420489,0.3486784401,0.31381059609,0.282429536481,0.2541865828329
"3302058",0,1,6.08248560137009,5.47423704123308,4.92681333710977,4.43413200339879,3.99071880305891,3.59164692275302,3.23248223047772,2.90923400742995,2.61831060668695,2.35647954601826,2.12083159141643,0.910050728661,0.819045655794901
"4172027",0,0,0,0,0,0,0,0,0,0,0,0,0,0,0
"5011252",0,0,9.54517744447956,8.59065970003161,7.73159373002845,6.9584343570256,6.26259092132304,5.63633182919074,5.07269864627167,4.5654287816445,4.10888590348005,3.69799731313204,3.32819758181884,2.99537782363696,2.69584004127326
"4251722",0,0,0,0,0,0,0,0,0,0,0,0,0,0,0
"3693663",0,0,0,1,0.9,0.81,0.729,0.6561,0.59049,0.531441,0.4782969,0.43046721,0.387420489,0.3486784401,0.31381059609
"3148412",0,0,0,1,0.9,0.81,0.729,0.6561,0.59049,0.531441,0.4782969,0.43046721,0.387420489,0.3486784401,0.31381059609
"5605226",0,0,0,0,0,0,0,0,0,0,0,0,0,0,0
"4754071",0,0,0,0,0,0,0,0,0,0,0,0,0,0,0
"4956474",0,0,0,1,0.9,0.81,0.729,0.6561,0.59049,0.531441,0.4782969,0.43046721,0.387420489,0.3486784401,0.31381059609
"3366799",0,0,0,3.38629436111989,3.0476649250079,2.74289843250711,2.4686085892564,2.22174773033076,1.99957295729769,1.79961566156792,0.9565938,0.86093442,0.774840978,0.6973568802,0.62762119218
"4905397",0,1,0.9,0.81,0.729,0.6561,0.59049,0.531441,0.4782969,0.43046721,0.387420489,0.3486784401,0.31381059609,0.282429536481,0.2541865828329
"1744927",0,1,0.9,0.81,0.729,0.6561,0.59049,0.531441,0.4782969,0.43046721,0.387420489,0.3486784401,0.31381059609,0.282429536481,0.2541865828329
"5006904",0,0,0,0,0,0,0,0,0,0,0,0,0,0,0
"2235024",0,0,0,1,0.9,0.81,0.729,0.6561,0.59049,0.531441,0.4782969,0.43046721,0.387420489,0.3486784401,0.31381059609
"2149474",0,0,1,0.9,0.81,0.729,0.6561,0.59049,0.531441,0.4782969,0.43046721,0.387420489,0.3486784401,0.31381059609,0.282429536481
"276744",0,0,0,3.38629436111989,3.0476649250079,2.74289843250711,2.4686085892564,2.22174773033076,1.99957295729769,1.79961566156792,0.9565938,0.86093442,0.774840978,0.6973568802,0.62762119218
"2220859",0,0,3.38629436111989,5.87258329629133,5.2853249666622,4.75679246999598,4.28111322299638,3.85300190069674,3.46770171062707,3.12093153956436,2.80883838560793,2.52795454704713,2.27515909234242,0.97629963228,0.878669669052
"590446",0,3.38629436111989,3.0476649250079,5.48488478329663,4.93639630496697,4.44275667447027,3.99848100702325,3.59863290632092,3.23876961568883,2.91489265411995,2.62340338870795,2.36106304983716,2.12495674485344,0.913537513062,0.822183761755801
"2844164",0,0,0,3.38629436111989,5.87258329629133,5.2853249666622,4.75679246999598,4.28111322299638,3.85300190069674,3.46770171062707,3.12093153956436,2.80883838560793,2.52795454704713,2.27515909234242,0.97629963228
"975848",0,0,0,0,0,0,0,0,0,0,0,0,0,0,0
"2718373",0,0,0,0,0,0,0,0,0,0,0,0,0,0,0
"4789790",0,0,0,0,0,0,0,0,0,0,0,0,0,0,0
"4811332",0,0,0,1,0.9,3.05460562531838,2.74914506278654,2.47423055650789,2.2268075008571,2.00412675077139,1.80371407569425,0.96190821,0.865717389,0.7791456501,0.70123108509
"4786620",0,0,0,1,0.9,0.81,0.729,0.6561,0.59049,0.531441,0.4782969,0.43046721,0.387420489,0.3486784401,0.31381059609
"2770490",0,0,0,3.38629436111989,3.0476649250079,2.74289843250711,2.4686085892564,2.22174773033076,1.99957295729769,1.79961566156792,0.9565938,0.86093442,0.774840978,0.6973568802,0.62762119218
"4307683",0,0,0,0,0,0,0,0,0,0,0,0,0,0,0
"4770828",0,0,1,0.9,0.81,2.90612565212996,2.61551308691697,2.35396177822527,2.11856560040274,1.90670904036247,1.71603813632622,0.918861489,0.8269753401,0.74427780609,0.669850025481
"567582",0,3.38629436111989,3.0476649250079,2.74289843250711,2.4686085892564,2.22174773033076,1.99957295729769,1.79961566156792,0.9565938,0.86093442,0.774840978,0.6973568802,0.62762119218,0.564859072962,0.5083731656658
"5576759",0,0,0,0,0,0,0,0,0,0,0,0,0,0,0
"4867770",0,3.38629436111989,9.06265298176698,8.15638768359028,7.34074891523125,6.60667402370813,5.94600662133732,5.35140595920359,4.81626536328323,4.3346388269549,3.90117494425941,3.51105744983347,3.15995170485013,2.84395653436511,2.5595608809286
"3601222",0,0,0,0,0,0,0,0,0,0,0,0,0,0,0
"5577114",0,0,0,0,0,0,0,0,0,0,0,0,0,0,0
"3027287",0,0,0,0,0,3.38629436111989,3.0476649250079,2.74289843250711,2.4686085892564,2.22174773033076,1.99957295729769,1.79961566156792,0.9565938,0.86093442,0.774840978
"2193085",0,0,0,0,0,0,0,0,0,0,0,0,0,0,0
"5357727",0,0,0,0,0,0,0,0,0,0,0,0,0,0,0
"5076457",0,0,0,0,0,0,0,0,0,0,0,0,0,0,0
"5216230",0,0,0,1,0.9,0.81,0.729,0.6561,0.59049,0.531441,0.4782969,0.43046721,0.387420489,0.3486784401,0.31381059609
"3313653",0,0,0,1,0.9,0.81,0.729,0.6561,0.59049,0.531441,0.4782969,0.43046721,0.387420489,0.3486784401,0.31381059609
"873564",0,0,0,9.54517744447956,8.59065970003161,7.73159373002845,6.9584343570256,6.26259092132304,5.63633182919074,5.07269864627167,4.5654287816445,4.10888590348005,3.69799731313204,3.32819758181884,2.99537782363696
"335320",0,0,1,0.9,0.81,0.729,0.6561,0.59049,0.531441,0.4782969,0.43046721,0.387420489,0.3486784401,0.31381059609,0.282429536481
"2312340",0,0,0,0,3.38629436111989,3.0476649250079,2.74289843250711,2.4686085892564,2.22174773033076,1.99957295729769,1.79961566156792,0.9565938,0.86093442,0.774840978,0.6973568802
"2426081",0,0,1,0.9,0.81,0.729,0.6561,0.59049,0.531441,0.4782969,0.43046721,0.387420489,0.3486784401,0.31381059609,0.282429536481
"3990751",0,0,0,0,0,0,0,0,0,0,0,0,0,0,0
"5253867",0,0,3.38629436111989,3.0476649250079,2.74289843250711,2.4686085892564,2.22174773033076,1.99957295729769,1.79961566156792,0.9565938,0.86093442,0.774840978,0.6973568802,0.62762119218,0.564859072962
"1056778",0,0,0,0,0,0,0,0,0,0,0,0,0,0,0
"2135446",0,0,0,1,0.9,0.81,0.729,0.6561,0.59049,0.531441,0.4782969,0.43046721,0.387420489,0.3486784401,0.31381059609
"2626924",0,0,0,0,0,0,0,0,0,0,0,0,0,0,0
"5011332",0,0,0,0,0,0,0,0,0,0,0,0,0,0,0
"3601358",0,0,0,3.38629436111989,3.0476649250079,2.74289843250711,2.4686085892564,2.22174773033076,1.99957295729769,1.79961566156792,0.9565938,0.86093442,0.774840978,0.6973568802,0.62762119218
"4736590",0,0,0,3.38629436111989,3.0476649250079,2.74289843250711,2.4686085892564,2.22174773033076,1.99957295729769,1.79961566156792,0.9565938,0.86093442,0.774840978,0.6973568802,0.62762119218
"3088637",0,0,1,0.9,0.81,0.729,0.6561,0.59049,0.531441,0.4782969,0.43046721,0.387420489,0.3486784401,0.31381059609,0.282429536481
"959240",0,0,0,0,1,0.9,0.81,0.729,0.6561,0.59049,0.531441,0.4782969,0.43046721,0.387420489,0.3486784401
"5391782",0,0,0,0,0,0,0,0,0,0,0,0,0,0,0
"5445740",0,0,1,0.9,0.81,0.729,0.6561,0.59049,0.531441,0.4782969,0.43046721,0.387420489,0.3486784401,0.31381059609,0.282429536481
"5437888",0,0,0,0,0,0,0,0,0,0,0,0,0,0,0
"507445",0,0,0,1,0.9,0.81,0.729,0.6561,0.59049,0.531441,0.4782969,0.43046721,0.387420489,0.3486784401,0.31381059609
"5334533",0,0,0,0,0,0,0,0,0,0,0,0,0,0,0
"4762555",0,0,0,0,0,0,0,0,0,0,0,0,0,0,0
"1007956",0,0,0,0,0,0,0,0,0,0,0,0,0,0,0
"5277074",0,0,0,0,1,0.9,0.81,0.729,0.6561,0.59049,0.531441,0.4782969,0.43046721,0.387420489,0.3486784401
"5275111",0,0,0,0,0,0,0,0,0,0,0,0,0,0,0
"2372858",0,0,0,0,0,0,0,0,0,0,0,0,0,0,0
"4430002",0,0,0,1,0.9,0.81,0.729,0.6561,0.59049,0.531441,0.4782969,0.43046721,0.387420489,0.3486784401,0.31381059609
"3979665",0,0,0,0,1,0.9,0.81,0.729,0.6561,0.59049,0.531441,0.4782969,0.43046721,0.387420489,0.3486784401
"4780273",0,0,0,3.38629436111989,3.0476649250079,2.74289843250711,2.4686085892564,2.22174773033076,1.99957295729769,1.79961566156792,0.9565938,0.86093442,0.774840978,0.6973568802,0.62762119218
"5246323",0,0,0,0,0,0,0,0,0,0,0,0,0,0,0
"5376790",0,0,0,1,0.9,0.81,0.729,0.6561,0.59049,0.531441,0.4782969,0.43046721,0.387420489,0.3486784401,0.31381059609
"4766615",0,0,0,1,0.9,0.81,0.729,0.6561,0.59049,0.531441,0.4782969,0.43046721,0.387420489,0.3486784401,0.31381059609
"5406392",0,0,0,1,0.9,0.81,0.729,0.6561,0.59049,0.531441,0.4782969,0.43046721,0.387420489,0.3486784401,0.31381059609
"4759150",0,0,0,0,0,0,0,0,0,0,0,0,0,0,0
"1412653",0,0,0,0,0,0,1,0.9,0.81,0.729,0.6561,0.59049,0.531441,0.4782969,0.43046721
"4958158",0,0,0,3.38629436111989,3.0476649250079,2.74289843250711,2.4686085892564,2.22174773033076,1.99957295729769,1.79961566156792,0.9565938,0.86093442,0.774840978,0.6973568802,0.62762119218
"2078752",0,0,0,0,0,0,0,0,0,0,0,0,0,0,0
"4949756",0,0,0,0,0,0,0,0,0,0,0,0,0,0,0
"2394592",0,0,0,1,0.9,0.81,0.729,0.6561,0.59049,0.531441,0.4782969,0.43046721,0.387420489,0.3486784401,0.31381059609
"5271232",0,0,0,1,0.9,0.81,0.729,0.6561,0.59049,0.531441,0.4782969,0.43046721,0.387420489,0.3486784401,0.31381059609
"3803248",0,0,0,1,0.9,12.5357370099717,11.2821633089745,10.1539469780771,9.13855228026935,8.22469705224242,7.40222734701817,6.66200461231636,5.99580415108472,5.39622373597625,4.85660136237863
"1086640",0,0,0,1,0.9,0.81,0.729,0.6561,0.59049,0.531441,0.4782969,0.43046721,0.387420489,0.3486784401,0.31381059609
"1840323",0,0,0,1,0.9,1.81,1.629,1.4661,1.31949,1.187541,1.0687869,0.96190821,0.865717389,0.7791456501,0.70123108509
"1410615",0,0,0,0,3.38629436111989,3.0476649250079,2.74289843250711,2.4686085892564,2.22174773033076,1.99957295729769,1.79961566156792,0.9565938,0.86093442,0.774840978,0.6973568802
"4385713",0,0,0,0,0,0,0,0,0,0,0,0,0,0,0
"1793173",0,0,0,0,0,1,0.9,0.81,0.729,0.6561,0.59049,0.531441,0.4782969,0.43046721,0.387420489
"3395785",0,0,0,1,0.9,0.81,0.729,0.6561,0.59049,0.531441,0.4782969,0.43046721,0.387420489,0.3486784401,0.31381059609
"3619329",0,0,0,0,0,0,0,0,0,0,0,0,0,0,0
"3598261",0,0,0,0,0,0,0,0,0,0,0,0,0,0,0
"1895904",0,0,0,0,0,1,0.9,0.81,0.729,0.6561,0.59049,0.531441,0.4782969,0.43046721,0.387420489
"5046784",0,0,0,0,1,0.9,0.81,0.729,0.6561,0.59049,0.531441,0.4782969,0.43046721,0.387420489,0.3486784401
"2859194",0,0,0,0,0,1,0.9,0.81,0.729,0.6561,0.59049,0.531441,0.4782969,0.43046721,0.387420489
"5313341",0,0,0,0,0,6.29583686600433,5.6662531794039,5.09962786146351,4.58966507531716,4.13069856778544,3.7176287110069,3.34586583990621,3.01127925591559,2.71015133032403,2.43913619729163
"3624522",0,0,0,0,0,0,0,0,0,0,0,0,0,0,0
"5366900",0,0,0,0,0,0,0,0,0,0,0,0,0,0,0
"2264035",0,0,0,0,0,1,0.9,0.81,0.729,0.6561,0.59049,0.531441,0.4782969,0.43046721,0.387420489
"5401604",0,0,0,0,0,0,0,0,0,0,0,0,0,0,0
"4250512",0,0,0,0,0,0,0,0,0,0,0,0,0,0,0
"4367191",0,0,0,0,3.38629436111989,3.0476649250079,2.74289843250711,2.4686085892564,2.22174773033076,1.99957295729769,1.79961566156792,0.9565938,0.86093442,0.774840978,0.6973568802
"2515999",0,0,0,0,0,3.38629436111989,3.0476649250079,2.74289843250711,2.4686085892564,2.22174773033076,1.99957295729769,1.79961566156792,0.9565938,0.86093442,0.774840978
"5077652",0,0,0,0,0,0,0,0,0,0,0,0,0,0,0
"5017788",0,0,0,0,0,0,0,0,0,0,0,0,0,0,0
"4229303",0,0,0,0,0,0,0,0,0,0,0,0,0,0,0
"4889611",0,0,0,0,0,9.54517744447956,8.59065970003161,7.73159373002845,6.9584343570256,6.26259092132304,5.63633182919074,5.07269864627167,4.5654287816445,4.10888590348005,3.69799731313204
"5591423",0,0,0,0,0,0,0,0,0,0,0,0,0,0,0
"5291246",0,0,0,0,0,1,0.9,0.81,0.729,0.6561,0.59049,0.531441,0.4782969,0.43046721,0.387420489
"3152996",0,0,0,0,0,0,0,0,0,0,0,0,0,0,0
"2099417",0,0,0,0,0,0,3.38629436111989,3.0476649250079,2.74289843250711,2.4686085892564,2.22174773033076,1.99957295729769,1.79961566156792,0.9565938,0.86093442
"4146580",0,0,0,0,0,0,0,0,0,0,0,0,0,0,0
"4791656",0,0,0,0,0,0,1,0.9,0.81,0.729,0.6561,0.59049,0.531441,0.4782969,0.43046721
"4851147",0,0,0,0,0,0,0,0,0,0,0,0,0,0,0
"2969894",0,0,0,0,0,1,0.9,0.81,0.729,0.6561,0.59049,0.531441,0.4782969,0.43046721,0.387420489
"3990174",0,0,0,0,0,0,1,0.9,0.81,0.729,0.6561,0.59049,0.531441,0.4782969,0.43046721
"5580080",0,0,0,0,0,0,1,0.9,0.81,0.729,0.6561,0.59049,0.531441,0.4782969,0.43046721
"2279306",0,0,0,0,0,1,0.9,0.81,0.729,0.6561,0.59049,0.531441,0.4782969,0.43046721,0.387420489
"3984522",0,0,0,0,0,0,0,0,0,0,0,0,0,0,0
"340275",0,0,0,0,0,0,0,0,0,0,0,0,0,0,0
"5192748",0,0,0,0,0,0,0,0,0,0,0,0,0,0,0
"4769767",0,0,0,0,0,0,0,0,0,0,0,0,0,0,0
"364298",0,0,0,0,0,0,0,0,0,0,0,0,0,0,0
"4069974",0,0,0,0,0,0,0,0,0,0,0,0,0,0,0
"3197059",0,0,0,0,0,0,0,0,0,0,0,0,0,0,0
"5443734",0,0,0,0,0,0,0,0,0,0,0,0,0,0,0
"463160",0,0,0,0,0,0,0,0,0,0,0,0,0,0,0
"4908038",0,0,0,0,0,0,0,0,0,0,0,0,0,0,0
"5755058",0,0,0,0,0,0,0,0,0,0,0,0,0,0,0
"4608504",0,0,0,0,0,0,0,0,0,0,0,0,0,0,0
"4430878",0,0,0,0,0,0,0,0,0,0,0,0,0,0,0
"1265915",0,0,0,0,0,0,0,0,0,0,0,0,0,0,0
"4788426",0,0,0,0,0,0,0,0,0,0,0,0,0,0,0
"5283112",0,0,0,0,0,0,0,0,0,0,0,0,0,0,0
"3167662",0,0,0,0,0,0,0,0,0,0,0,0,0,0,0
"3583617",0,0,0,0,0,0,0,0,0,0,0,0,0,0,0
"4135228",0,0,0,0,0,0,0,0,0,0,0,0,0,0,0
"5011451",0,0,0,0,0,0,0,0,0,0,0,0,0,0,0
"5303183",0,0,0,0,0,0,0,0,0,0,0,0,0,0,0
"187258",0,0,0,0,0,0,0,0,0,0,0,0,0,0,0
"224566",0,0,0,0,0,0,0,0,0,0,0,0,0,0,0
"4792936",0,0,0,0,0,0,0,0,0,0,0,0,0,0,0
"4815925",0,0,0,0,0,0,0,0,0,0,0,0,0,0,0
"1401063",0,0,0,0,0,0,0,0,0,0,0,0,0,0,0
"3267665",0,0,0,0,0,0,0,0,0,0,0,0,0,0,0
"4806443",0,0,0,0,0,0,0,0,0,0,0,0,0,0,0
